2007-10-30,PAYMENT THANK YOU/PAIEMENT MERCI,,577.91
2007-10-30,MOUNTAIN EQUIPMENT CO-OP VICTORIA  BC,,220.35
2007-11-06,WASTE/RADIOHEAD LTD US   LONDON,2.89,
2007-11-06,THE OLD SPAGHETTI FACTORYVICTORIA  BC,25.63,
2007-11-07,CRAG X INDOOR CLIMBING CEVICTORIA  BC,40.00,
2007-11-07,SUBWAY DOWNTOWN          VICTORIA  BC,3.17,
2007-11-07,MOUNTAIN EQUIPMENT CO-OP VICTORIA  BC,12.72,
2007-11-07,SUBWAY DOWNTOWN          VICTORIA  BC,6.24,
2007-11-13,BEDFORD REGENCY HOTEL    VICTORIA  BC,14.04,
2007-11-13,BAGELS ON BROAD          VICTORIA  BC,3.38,
2007-11-13,SUBWAY DOWNTOWN          VICTORIA  BC,6.70,
2007-11-13,PIC A FLIC VIDEO         VICTORIA  BC,5.00,
2007-11-13,DTDNS                    941-378-5341 FL,19.31,
2007-11-13,LONDON DRUGS 29          VICTORIA  BC,11.61,
2007-11-13,LONDON DRUGS 29          VICTORIA  BC,0.38,
2007-11-14,HARBOUR  AIR/SOLTYS M    RICHMOND  BC,32.75,
2007-11-14,BLENZ COFFEE             VANCOUVER  BC,4.56,
2007-11-15,STADACONA FOOD MARKET    VICTORIA  BC,9.63,
2007-11-15,MOUNTAIN EQUIPMENT CO-OP VANCOUVER  BC,185.32,
2007-11-15,THAI HOUSE RESTAURANT    VANCOUVER  BC,48.40,
2007-11-16,KITTO JAPANESE HOUSE     VANCOUVER  BC,27.01,
2007-11-16,SUBWAY SANDWICHES        VANCOUVER  BC,6.32,
2007-11-16,HARBOUR  AIR/SOLTYS M    RICHMOND  BC,22.26,
2007-11-19,SUBWAY SANDWICHES        VANCOUVER  BC,6.35,
2007-11-19,SUTTON PLACE HOTEL       VANCOUVER  BC,313.20,
2007-11-19,SUBWAY DOWNTOWN          VICTORIA  BC,6.22,
2007-11-19,THRIFTY FOODS #17        VICTORIA  BC,55.46,
2007-11-22,SUBWAY DOWNTOWN          VICTORIA  BC,6.33,
2007-11-23,PAYMENT THANK YOU/PAIEMENT MERCI,,528.38
2007-11-23,SUBWAY DOWNTOWN          VICTORIA  BC,3.17,
2007-11-26,MEE WAH RESTAURANT LTD   VICTORIA  BC,30.71,
2007-11-26,SUBWAY DOWNTOWN          VICTORIA  BC,3.17,
2007-11-26,STARBUCKS CAN 00042341   VICTORIA  BC,6.04,
2007-11-26,THE LEVI STORE           VICTORIA  BC,131.08,
2007-11-26,NEW BALANCE VICTORIA     VICTORIA  BC,,135.59
2007-11-26,NEW BALANCE VICTORIA     VICTORIA  BC,135.59,
2007-11-26,NEW BALANCE VICTORIA     VICTORIA  BC,112.95,
2007-11-27,CDN TIRE STORE #00365    VICTORIA  BC,8.35,
2007-11-28,SUBWAY DOWNTOWN          VICTORIA  BC,3.17,
2007-11-28,CINEPLEX  1129           TORONTO  ON,8.95,
2007-11-28,SUBWAY DOWNTOWN          VICTORIA  BC,3.17,
2007-11-30,MCDONALD'S #8016  Q04    VICTORIA  BC,7.04,
2007-11-30,SUBWAY DOWNTOWN          VICTORIA  BC,3.17,
2007-11-30,BON SUSHI                VICTORIA  BC,26.59,
2007-12-03,SUBWAY DOWNTOWN          VICTORIA  BC,3.17,
2007-12-03,SUBWAY DOWNTOWN          VICTORIA  BC,3.17,
2007-12-03,HON'S WUN-TUN RICHMOND   RICHMOND  BC,24.71,
2007-12-04,GREYHOUND CANADA-6180    VANCOUVER  BC,30.00,
2007-12-04,BLENZ COFFEE             VANCOUVER  BC,2.00,
2007-12-04,BCF-SWARTZBAY071130      VICTORIA  BC,23.60,
2007-12-04,BCF-SPIRITVI071130       VICTORIA  BC,18.10,
2007-12-05,OLD SPAGHETTI FACTORY    WHISTLER  BC,60.00,
2007-12-05,SUBWAY SANDWICHES        VANCOUVER  BC,6.32,
2007-12-05,TRANSLINK FARE PURCHASE  BURNABY  BC,2.25,
2007-12-05,TRANSLINK FARE PURCHASE  BURNABY  BC,2.25,
2007-12-05,SMARTE CARTE RENT        800-328-9006 BC,5.00,
2007-12-05,BCF-TSAWWASSEN071203     VICTORIA  BC,11.80,
2007-12-06,STARBUCKS CAN 00046532   VICTORIA  BC,3.92,
2007-12-06,SUBWAY DOWNTOWN          VICTORIA  BC,6.88,
2007-12-06,BCF-SPIRITVI071203       VICTORIA  BC,7.20,
2007-12-07,PAGLIACCI'S RESTAURANT   VICTORIA  BC,51.79,
2007-12-07,SUBWAY DOWNTOWN          VICTORIA  BC,3.17,
2007-12-07,WELLBURNS FOOD MARKET    VICTORIA  BC,8.81,
2007-12-07,AWARDS REBATE,,181.73
2007-12-10,SUBWAY DOWNTOWN          VICTORIA  BC,6.88,
2007-12-10,MCDONALD'S #8016  Q04    VICTORIA  BC,7.04,
2007-12-10,WELLBURNS FOOD MARKET    VICTORIA  BC,35.07,
2007-12-10,SUBWAY DOWNTOWN          VICTORIA  BC,3.17,
2007-12-10,MCDONALD'S #8374  Q04    VICTORIA  BC,4.01,
2007-12-10,SUBWAY                   VICTORIA  BC,6.88,
2007-12-10,GRANDVIEW LANES          VANCOUVER  BC,11.00,
2007-12-11,BCF-SWARTZBAY071208      VICTORIA  BC,11.80,
2007-12-11,BCF-SPIRITBC071208       VICTORIA  BC,8.79,
2007-12-11,BCF-TSAWWASSEN071209     VICTORIA  BC,11.80,
2007-12-12,BC LIQUOR #218           VICTORIA  BC,25.19,
2007-12-12,STARBUCKS CAN 00046532   VICTORIA  BC,3.92,
2007-12-12,SUBWAY DOWNTOWN          VICTORIA  BC,3.17,
2007-12-12,MTN EQUIP CO-0P          VANCOUVER  BC,41.34,
2007-12-12,BCF-SPIRITVI071209       VICTORIA  BC,8.79,
2007-12-13,SUBWAY DOWNTOWN          VICTORIA  BC,6.88,
2007-12-13,OLD BRITISH FISH & CHIPS VICTORIA  BC,15.85,
2007-12-14,SUBWAY DOWNTOWN          VICTORIA  BC,3.17,
2007-12-14,STADACONA FOOD MARKET    VICTORIA  BC,12.04,
2007-12-14,MCDONALD'S #8374  Q04    VICTORIA  BC,4.01,
2007-12-17,FRANKS HONEY BUN CAFE    VICTORIA  BC,7.49,
2007-12-17,MCDONALD'S #8374  Q04    VICTORIA  BC,4.24,
2007-12-17,THRIFTY FOODS #17        VICTORIA  BC,40.70,
2007-12-17,SUBWAY                   VICTORIA  BC,7.50,
2007-12-18,FRANKS HONEY BUN CAFE    VICTORIA  BC,6.54,
2007-12-18,SALAD LOOP               VICTORIA  BC,4.14,
2007-12-18,MOUNTAIN EQUIPMENT CO-OP VICTORIA  BC,19.49,
2007-12-19,PANAGO #27               VICTORIA  BC,10.60,
2007-12-19,CORNER STONE CAFE        VICTORIA  BC,4.85,
2007-12-20,SUBWAY SANDWICHES        VANCOUVER  BC,3.17,
2007-12-20,TRANSLINK FARE PURCHASE  BURNABY  BC,2.25,
2007-12-20,QUIZNO'S CLASSIC SUBS    VANCOUVER  BC,9.51,
2007-12-24,TRANSLINK FARE PURCHASE  BURNABY  BC,2.25,
2007-12-24,MCDONALD'S #10430  Q04   RICHMOND  BC,4.85,
2007-12-24,TRANSLINK FARE PURCHASE  BURNABY  BC,2.25,
2007-12-24,TRANSLINK FARE PURCHASE  BURNABY  BC,2.25,
2007-12-24,SEA'S ON SHORE           RICHMOND  BC,11.30,
2007-12-24,PURDY'S CHOCOLATES # 427 RICHMOND  BC,27.45,
2007-12-24,BEST BUY #941            RICHMOND  BC,56.49,
2007-12-24,BENIX & CO.#271          RICHMOND  BC,79.08,
2007-12-24,BENIX & CO.#271          RICHMOND  BC,73.43,
2007-12-27,FAMOUS PLAYERS  1400  Q3ERICHMOND  BC,20.00,
2007-12-27,SAVE ON FOODS #0974      RICHMOND  BC,100.00,
2007-12-27,TOMMY HILFIGER           VANCOUVER  BC,54.24,
2007-12-27,SUBWAY                   VANCOUVER  BC,3.17,
2007-12-27,TRANSLINK FARE PURCHASE  BURNABY  BC,2.25,
2007-12-27,TRANSLINK FARE PURCHASE  BURNABY  BC,2.25,
2007-12-27,TRANSLINK FARE PURCHASE  BURNABY  BC,2.25,
2007-12-28,KISAMOS RESTAURANT       RICHMOND  BC,25.15,
2007-12-28,GUESS? CANADA RETAIL INC RICHMOND  BC,50.85,
2007-12-28,GUESS #8903              VANCOUVER  BC,,50.85
2007-12-28,VASSILIS SOUVLAKI        BURNABY  BC,167.31,
2007-12-28,PAYMENT THANK YOU/PAIEMENT MERCI,,1224.20
2007-12-31,SUBWAY SANDWICHES        VANCOUVER  BC,3.17,
2007-12-31,SUBWAY SANDWICHES        VANCOUVER  BC,6.35,
2007-12-31,TRANSLINK FARE PURCHASE  BURNABY  BC,2.25,
2007-12-31,SOUTH ARM COMMUNITY CTR  RICHMOND  BC,9.50,
2007-12-31,BIG RIVER BREWING 2002 RICHMOND  BC,39.00,
2007-12-31,CYPRESS BOWL RECREATION  WEST VANCOUVEBC,114.00,
2008-01-02,MCDONALD'S #10430  Q04   RICHMOND  BC,6.56,
2008-01-02,TOMMY HILFIGER           VANCOUVER  BC,,54.24
2008-01-02,TOBYS PUB & GRILL-(BEER  VANCOUVER  BC,14.85,
2008-01-02,TRANSLINK FARE PURCHASE  BURNABY  BC,2.25,
2008-01-03,BLUNDELL LIQUOR TOWN     RICHMOND  BC,37.88,
2008-01-04,SUBWAY SANDWICHES        VANCOUVER  BC,6.26,
2008-01-04,TRANSLINK FARE PURCHASE  BURNABY  BC,2.50,
2008-01-07,TRANSLINK FARE PURCHASE  BURNABY  BC,2.50,
2008-01-07,THE NOBLE GRILL          VANCOUVER  BC,6.29,
2008-01-07,TRANSLINK FARE PURCHASE  BURNABY  BC,2.50,
2008-01-07,SUSHI KING RESTAURANT    VANCOUVER  BC,13.13,
2008-01-07,ROGERS VIDEO  726        RICHMOND  BC,4.47,
2008-01-08,ESSO 3775 CAREY ROAD     SAANICH  BC,48.69,
2008-01-08,SUBWAY DOWNTOWN          VICTORIA  BC,3.14,
2008-01-08,BCF-TSAWWASSEN080106     VICTORIA  BC,62.45,
2008-01-09,BLUNDELL LIQUOR TOWN     RICHMOND  BC,24.09,
2008-01-09,SUBWAY DOWNTOWN          VICTORIA  BC,6.81,
2008-01-09,BCF-QVANCOUVER080106     VICTORIA  BC,12.67,
2008-01-10,SUBWAY DOWNTOWN          VICTORIA  BC,3.14,
2008-01-11,SALAD LOOP               VICTORIA  BC,4.71,
2008-01-14,SUBWAY DOWNTOWN          VICTORIA  BC,3.14,
2008-01-14,AMZ*Amazon Payments      AMZN.COM/BILLWA,20.92,
2008-01-14,HAIR MASTERS #5942       WESTSIDE  BC,23.95,
2008-01-15,SAVE ON FOODS #973 - W   VICTORIA  BC,70.00,
2008-01-15,SUBWAY DOWNTOWN          VICTORIA  BC,3.14,
2008-01-16,WHITE SPOT #643          VICTORIA  BC,18.14,
2008-01-16,CINEPLEX  1129           TORONTO  ON,17.90,
2008-01-17,SALAD LOOP               VICTORIA  BC,6.76,
2008-01-18,SALAD LOOP               VICTORIA  BC,7.49,
2008-01-21,SUBWAY DOWNTOWN          VICTORIA  BC,3.14,
2008-01-21,STARBUCKS CAN 00046532   VICTORIA  BC,3.89,
2008-01-21,PIC A FLIC VIDEO         VICTORIA  BC,5.00,
2008-01-21,BLOCKBUSTER VIDEO #07275 VICTOIRA  BC,4.47,
2008-01-22,SUBWAY DOWNTOWN          VICTORIA  BC,3.14,
2008-01-23,1550'S PUB STYLE RESTAURAVICTORIA  BC,46.95,
2008-01-23,CANADA SAFEWAY #080      VICTORIA  BC,31.38,
2008-01-23,SALAD LOOP               VICTORIA  BC,6.03,
2008-01-24,CINEPLEX  1129           TORONTO  ON,8.95,
2008-01-24,SALAD LOOP               VICTORIA  BC,5.74,
2008-01-25,MCDONALD'S #8374  Q04    VICTORIA  BC,4.38,
2008-01-25,1550'S PUB STYLE RESTAURAVICTORIA  BC,27.00,
2008-01-28,STARBUCKS CAN 00046532   VICTORIA  BC,5.72,
2008-01-28,SUBWAY DOWNTOWN          VICTORIA  BC,3.14,
2008-01-28,PAYMENT THANK YOU/PAIEMENT MERCI,,1207.47
2008-01-28,BLOCKBUSTER VIDEO #07275 VICTOIRA  BC,4.47,
2008-01-28,WENDYS RESTAURANT        VICTORIA  BC,18.66,
2008-01-28,DOLCE VITA COFFEE ART    VICTORIA  BC,4.30,
2008-01-29,CANADA SAFEWAY #080      VICTORIA  BC,3.69,
2008-01-29,CANADA SAFEWAY #080      VICTORIA  BC,32.07,
2008-01-29,SUBWAY DOWNTOWN          VICTORIA  BC,3.14,
2008-01-30,FRANKS HONEY BUN CAFE    VICTORIA  BC,11.74,
2008-01-30,SALAD LOOP               VICTORIA  BC,8.15,
2008-02-01,FRANKS HONEY BUN CAFE    VICTORIA  BC,7.42,
2008-02-04,MT WASHINGTON ALPINE     MT WASHINGTONBC,14.39,
2008-02-05,MT WASHINGTON ALPINE     MT WASHINGTONBC,31.41,
2008-02-05,SUBWAY DOWNTOWN          VICTORIA  BC,6.81,
2008-02-06,CAFE VIEUX MONTREAL      VICTORIA  BC,9.94,
2008-02-06,PANAGO #27               VICTORIA  BC,10.50,
2008-02-07,MCDONALD'S #8374  Q04    VICTORIA  BC,5.45,
2008-02-08,MAC'S # 11108            VICTORIA  BC,4.46,
2008-02-08,FRANKS HONEY BUN CAFE    VICTORIA  BC,6.48,
2008-02-08,GRANVILLE CINEMAS        VANCOUVER  BC,15.98,
2008-02-11,SUBWAY SANDWICHES        VANCOUVER  BC,6.71,
2008-02-11,TRANSLINK FARE PURCHASE  BURNABY  BC,2.50,
2008-02-11,THE NOBLE GRILL          VANCOUVER  BC,5.93,
2008-02-11,PHARMX REXALL DRUG STORE VANCOUVER  BC,20.21,
2008-02-11,CYPRESS BOWL RECREATION  WEST VANCOUVEBC,56.46,
2008-02-11,TICKETS CREEKSIDE        WHISTLER  BC,72.45,
2008-02-12,KITTO JAPANESE HOUSE     VANCOUVER  BC,28.73,
2008-02-13,OLD SETTLER PUB          HARRISON HOT BC,13.94,
2008-02-13,BC LIQUOR #064           AGASSIZ  BC,24.14,
2008-02-13,GLOBALIVE                TORONTO  ON,5.10,
2008-02-14,A&W #0313                AGASSIZ  BC,4.61,
2008-02-15,WOK 'N' ROLL RESTAURANT  DELDA  BC,6.51,
2008-02-15,HARRISON HOT SPRINGS BLACHARRISON HOT BC,39.40,
2008-02-15,SUBWAY DOWNTOWN          VICTORIA  BC,6.81,
2008-02-15,GLOBALIVE                TORONTO  ON,8.74,
2008-02-15,SIAM THAI RESTAURANT     VICTORIA  BC,44.74,
2008-02-15,BCF-TSAWWASSEN080213     VICTORIA  BC,11.80,
2008-02-19,SUBWAY DOWNTOWN          VICTORIA  BC,3.14,
2008-02-19,STARBUCKS CAN 00046532   VICTORIA  BC,3.89,
2008-02-19,BUBBY ROSE'S BAKERY & CAFVICTORIA  BC,10.87,
2008-02-19,BLOCKBUSTER VIDEO #07275 VICTOIRA  BC,4.47,
2008-02-19,SUBWAY DOWNTOWN          VICTORIA  BC,3.14,
2008-02-20,SALAD LOOP               VICTORIA  BC,6.94,
2008-02-21,STARBUCKS CAN 00046532   VICTORIA  BC,3.89,
2008-02-21,SALAD LOOP               VICTORIA  BC,7.60,
2008-02-22,PIC A FLIC VIDEO         VICTORIA  BC,7.00,
2008-02-22,SALAD LOOP               VICTORIA  BC,7.63,
2008-02-25,STARBUCKS CAN 00046532   VICTORIA  BC,3.89,
2008-02-25,STARBUCKS CAN 00046532   VICTORIA  BC,3.89,
2008-02-25,SUBWAY DOWNTOWN          VICTORIA  BC,3.14,
2008-02-25,BLACKFISH CAFE           VICTORIA  BC,31.75,
2008-02-25,WENDYS RESTAURANT        VICTORIA  BC,8.16,
2008-02-26,SAVE ON FOODS #0977      VICTORIA  BC,107.14,
2008-02-26,PAYMENT THANK YOU/PAIEMENT MERCI,,667.21
2008-02-27,FRANKS HONEY BUN CAFE    VICTORIA  BC,7.43,
2008-02-28,RED ROBIN - VICTORIA     VICTORIA  BC,18.63,
2008-02-28,SUBWAY SANDWICHES        VANCOUVER  BC,6.71,
2008-02-28,TRANSLINK FARE PURCHASE  BURNABY  BC,3.75,
2008-02-28,BOSTON PIZZA #22         NEW WESTMINSTBC,24.48,
2008-02-29,SALAD LOOP               VICTORIA  BC,8.80,
2008-03-03,STARBUCKS CAN 00045005   VICTORIA  BC,1.73,
2008-03-03,KITTO JAPANESE HOUSE     VANCOUVER  BC,25.00,
2008-03-03,HAGGEN'S #11-MERIDA      BELLINGHAM  WA,21.22,
2008-03-03,STARBUCKS CAN 00046532   VICTORIA  BC,3.78,
2008-03-03,RED ROBIN 170            BELLINGHAM  WA,13.45,
2008-03-03,RED ROBIN - VICTORIA     VICTORIA  BC,27.34,
2008-03-03,MT BAKER SKI AREA        BELLINGHAM  WA,89.60,
2008-03-03,PHO VY VIETNAMESE REST   VICTORIA  BC,22.40,
2008-03-04,MT BAKER SKI AREA        BELLINGHAM  WA,7.10,
2008-03-04,BCF-TSAWWASSEN080302     VICTORIA  BC,11.80,
2008-03-04,BCF-SWARTZBAY080229      VICTORIA  BC,11.80,
2008-03-05,LEGACY *TO 2502949383    800-6700015  CA,19.79,
2008-03-05,LEGACY *TO 2502949383    800-6700015  CA,19.79,
2008-03-05,SHELL 1321 YATES STREET  VICTORIA  BC,46.44,
2008-03-05,FRANKS HONEY BUN CAFE    VICTORIA  BC,14.87,
2008-03-05,SALAD LOOP               VICTORIA  BC,7.90,
2008-03-05,BCF-SPIRITVI080302       VICTORIA  BC,8.70,
2008-03-06,STARBUCKS CAN 00046532   VICTORIA  BC,3.57,
2008-03-07,BLOCKBUSTER VIDEO #07275 VICTOIRA  BC,6.04,
2008-03-07,STARBUCKS CAN 00046532   VICTORIA  BC,3.78,
2008-03-10,STARBUCKS CAN 00046532   VICTORIA  BC,6.51,
2008-03-10,BEDFORD REGENCY HOTEL    VICTORIA  BC,14.04,
2008-03-10,MCDONALD'S #8374  Q04    VICTORIA  BC,3.98,
2008-03-10,BLENZ COFFEE  QFS        RICHMOND  BC,2.00,
2008-03-10,MCDONALD'S #22606  Q04   RICHMOND  BC,7.08,
2008-03-10,PHO VY VIETNAMESE REST   VICTORIA  BC,22.40,
2008-03-11,FRANKS HONEY BUN CAFE    VICTORIA  BC,7.43,
2008-03-11,SUBWAY DOWNTOWN          VICTORIA  BC,6.92,
2008-03-11,BCF-TSAWWASSEN080309     VICTORIA  BC,23.60,
2008-03-11,BCF-SWARTZBAY080307      VICTORIA  BC,23.60,
2008-03-11,BCF-SPIRITVI080307       VICTORIA  BC,10.99,
2008-03-12,SALAD LOOP               VICTORIA  BC,5.74,
2008-03-13,MCDONALD'S #8374  Q04    VICTORIA  BC,5.44,
2008-03-14,CANADA SAFEWAY #080      VICTORIA  BC,66.24,
2008-03-14,FRANKS HONEY BUN CAFE    VICTORIA  BC,7.43,
2008-03-14,SALAD LOOP               VICTORIA  BC,6.28,
2008-03-17,MCDONALD'S #8374  Q04    VICTORIA  BC,2.92,
2008-03-17,PIC A FLIC VIDEO         VICTORIA  BC,12.00,
2008-03-17,SUBWAY DOWNTOWN          VICTORIA  BC,3.14,
2008-03-17,MCDONALD'S #8374  Q04    VICTORIA  BC,1.88,
2008-03-18,MAC'S # 11108            VICTORIA  BC,3.13,
2008-03-18,BEDFORD REGENCY HOTEL    VICTORIA  BC,25.46,
2008-03-18,MARKET ON YATES          VICTORIA  BC,6.57,
2008-03-18,SALAD LOOP               VICTORIA  BC,4.25,
2008-03-19,WAL-MART  3109           VICTORIA  BC,53.62,
2008-03-19,MCDONALD'S #8374  Q04    VICTORIA  BC,3.97,
2008-03-19,SOLSTICE CAFE            VICTORIA  BC,3.50,
2008-03-19,PHO VY VIETNAMESE REST   VICTORIA  BC,22.50,
2008-03-20,PLANET THAI BISTRO       VICTORIA  BC,31.76,
2008-03-24,MCDONALD'S #8374  Q04    VICTORIA  BC,3.97,
2008-03-24,BEDFORD REGENCY HOTEL    VICTORIA  BC,14.04,
2008-03-24,MCDONALD'S #8374  Q04    VICTORIA  BC,3.86,
2008-03-24,THE MINT                 VICTORIA  BC,130.00,
2008-03-24,PIC A FLIC VIDEO         VICTORIA  BC,7.00,
2008-03-24,BLACKFISH CAFE           VICTORIA  BC,32.00,
2008-03-24,LD SAANICH               VICTORIA  BC,25.09,
2008-03-25,PAYMENT THANK YOU/PAIEMENT MERCI,,1038.14
2008-03-26,DAIRY QUEEN #27288       VICTORIA  BC,9.22,
2008-03-26,STADACONA FOOD MARKET    VICTORIA  BC,11.45,
2008-03-26,STADACONA FOOD MARKET    VICTORIA  BC,12.31,
2008-03-26,SUBWAY DOWNTOWN          VICTORIA  BC,6.92,
2008-03-27,MCDONALD'S #8374  Q04    VICTORIA  BC,7.18,
2008-03-27,DR VICKY IKONOMOU        VICTORIA  BC,57.66,
2008-03-28,DRIVER SERVICES CENTRE   VICTORIA  BC,15.00,
2008-03-28,STARBUCKS CAN 00045005   VICTORIA  BC,1.73,
2008-03-28,PHO VY VIETNAMESE REST   VICTORIA  BC,22.00,
2008-03-28,SALAD LOOP               VICTORIA  BC,5.64,
2008-03-31,PIC A FLIC VIDEO         VICTORIA  BC,7.00,
2008-03-31,STARBUCKS CAN 00046532   VICTORIA  BC,1.98,
2008-03-31,SUBWAY DOWNTOWN          VICTORIA  BC,3.14,
2008-03-31,DOMAIN/HOSTING SRVCS     480-6242500  AZ,31.95,
2008-03-31,RED ROBIN - VICTORIA     VICTORIA  BC,31.99,
2008-03-31,STARBUCKS CAN 00043265   VICTORIA  BC,1.98,
2008-04-01,MAC'S # 11108            VICTORIA  BC,3.97,
2008-04-02,1550'S PUB STYLE RESTAURAVICTORIA  BC,31.77,
2008-04-02,STARBUCKS CAN 00046532   VICTORIA  BC,3.78,
2008-04-02,MCDONALD'S #8374  Q04    VICTORIA  BC,4.20,
2008-04-02,SALAD LOOP               VICTORIA  BC,6.31,
2008-04-04,FRANKS HONEY BUN CAFE    VICTORIA  BC,6.49,
2008-04-04,SUBWAY DOWNTOWN          VICTORIA  BC,6.92,
2008-04-07,STARBUCKS CAN 00046532   VICTORIA  BC,3.89,
2008-04-07,MCDONALD'S #8374  Q04    VICTORIA  BC,4.20,
2008-04-07,SUBWAY                   VICTORIA  BC,6.82,
2008-04-07,PHO VY VIETNAMESE REST   VICTORIA  BC,22.40,
2008-04-08,MAC'S # 11108            VICTORIA  BC,4.23,
2008-04-08,SUBWAY DOWNTOWN          VICTORIA  BC,6.92,
2008-04-09,THE NOODLE BOX           VICTORIA  BC,10.00,
2008-04-09,CINEPLEX  1129           TORONTO  ON,19.00,
2008-04-09,PAGLIACCI'S RESTAURANT   VICTORIA  BC,46.95,
2008-04-10,UBC ENROLMENT SERVICES   VANCOUVER  BC,5.25,
2008-04-10,FRANKS HONEY BUN CAFE    VICTORIA  BC,6.89,
2008-04-10,FRANKS HONEY BUN CAFE    VICTORIA  BC,6.49,
2008-04-10,SALAD LOOP               VICTORIA  BC,5.44,
2008-04-11,STARBUCKS CAN 00046532   VICTORIA  BC,1.98,
2008-04-11,SUBWAY DOWNTOWN          VICTORIA  BC,6.92,
2008-04-14,STARBUCKS CAN 00046532   VICTORIA  BC,4.03,
2008-04-14,MCDONALD'S #8374  Q04    VICTORIA  BC,5.45,
2008-04-14,WENDY'S  Q1R             SQUAMISH  BC,6.92,
2008-04-14,ROUNDHOUSE LODGE         WHISTLER  BC,12.97,
2008-04-14,SUBWAY                   WHISTLER  BC,4.61,
2008-04-14,TICKETS CREEKSIDE        WHISTLER  BC,76.65,
2008-04-15,CITTA BISTRO             WHISTLER  BC,20.00,
2008-04-15,BCF-TSAWWASSEN080413     VICTORIA  BC,13.00,
2008-04-15,BCF-SWARTZBAY080411      VICTORIA  BC,13.00,
2008-04-15,BCF-SPIRITBC080411       VICTORIA  BC,3.55,
2008-04-16,FRANKS HONEY BUN CAFE    VICTORIA  BC,5.76,
2008-04-16,STARBUCKS CAN 00046532   VICTORIA  BC,2.98,
2008-04-16,NEW BALANCE VICTORIA     VICTORIA  BC,50.00,
2008-04-16,DR TAX - UFILE.CA        MONTREAL  QC,16.75,
2008-04-16,BCF-SPIRITBC080413       VICTORIA  BC,9.02,
2008-04-17,5TH STREET BAR&WOOD-FI   VICTORIA  BC,35.00,
2008-04-17,STARBUCKS CAN 00046532   VICTORIA  BC,3.78,
2008-04-17,FRANKS HONEY BUN CAFE    VICTORIA  BC,12.66,
2008-04-18,STARBUCKS CAN 00046532   VICTORIA  BC,1.98,
2008-04-18,STANLEY PARK PITCH & PUTTVANCOUVER  BC,13.74,
2008-04-21,LUCIANO'S ITALIAN RE     VICTORIA  BC,75.00,
2008-04-21,BLACKFISH CAFE           VICTORIA  BC,8.40,
2008-04-21,TRANSLINK FARE PURCHASE  BURNABY  BC,2.50,
2008-04-21,SUBWAY SANDWICHES        VANCOUVER  BC,3.14,
2008-04-21,FIFTH AVENUE CINEMAS     VANCOUVER  BC,24.00,
2008-04-21,LORD STANLEY SUITES ON THVANCOUVER  BC,113.85,
2008-04-21,TRANSLINK FARE PURCHASE  BURNABY  BC,2.50,
2008-04-21,EMPIRE UNIVERSITY 4      VICTORIA  BC,19.98,
2008-04-21,EMPIRE UNIVERSITY 4      VICTORIA  BC,5.76,
2008-04-21,CRYSTAL POOL             VICTORIA  BC,65.00,
2008-04-22,PETROCAN 1896 W. 4TH AVE.VANCOUVER  BC,80.07,
2008-04-22,PAYMENT THANK YOU/PAIEMENT MERCI,,938.24
2008-04-22,SUBWAY DOWNTOWN          VICTORIA  BC,6.92,
2008-04-22,BCF-TSAWWASSEN080419     VICTORIA  BC,13.00,
2008-04-22,BCF-SPIRITVI080419       VICTORIA  BC,9.02,
2008-04-23,DAIRY QUEEN #27288       VICTORIA  BC,9.74,
2008-04-23,NAAM RESTAURANT THE      VANCOUVER  BC,33.22,
2008-04-23,RED ROBIN - VICTORIA     VICTORIA  BC,27.81,
2008-04-23,SAVE ON FOODS #0977      VICTORIA  BC,51.91,
2008-04-24,WAL-MART  3109           VICTORIA  BC,136.36,
2008-04-24,SUBWAY DOWNTOWN          VICTORIA  BC,6.92,
2008-04-24,LA FIESTA CAFE           VICTORIA  BC,11.40,
2008-04-28,PIC A FLIC VIDEO         VICTORIA  BC,5.00,
2008-04-28,BAGELS ON BROAD          VICTORIA  BC,6.67,
2008-04-28,SUBWAY DOWNTOWN          VICTORIA  BC,6.28,
2008-04-28,STARBUCKS CAN 00046532   VICTORIA  BC,3.89,
2008-04-28,SHINE CAFE INC           VICTORIA  BC,26.57,
2008-04-29,SUBWAY DOWNTOWN          VICTORIA  BC,6.92,
2008-04-29,PHO VY VIETNAMESE REST   VICTORIA  BC,21.85,
2008-04-30,1550'S PUB STYLE RESTAURAVICTORIA  BC,34.93,
2008-04-30,PIC A FLIC VIDEO         VICTORIA  BC,4.00,
2008-05-01,SUBWAY DOWNTOWN          VICTORIA  BC,6.92,
2008-05-02,SUBWAY DOWNTOWN          VICTORIA  BC,6.92,
2008-05-05,STARBUCKS CAN 00046532   VICTORIA  BC,3.89,
2008-05-05,SUBWAY DOWNTOWN          VICTORIA  BC,3.14,
2008-05-06,PANAGO #27               VICTORIA  BC,12.70,
2008-05-06,SALAD LOOP               VICTORIA  BC,5.84,
2008-05-06,MOUNTAIN EQUIPMENT CO-OP VICTORIA  BC,12.89,
2008-05-07,STADACONA FOOD MARKET    VICTORIA  BC,12.34,
2008-05-07,PANAGO #27               VICTORIA  BC,10.50,
2008-05-07,SUBWAY DOWNTOWN          VICTORIA  BC,7.53,
2008-05-08,STARBUCKS CAN 00046532   VICTORIA  BC,1.98,
2008-05-08,TM *SASQUATCH] FESTIVA   206-628-0888 CA,82.85,
2008-05-08,SAKURA JAPANESE PRDQFF   VICTORIA  BC,11.94,
2008-05-09,STADACONA FOOD MARKET    VICTORIA  BC,17.95,
2008-05-09,PAYMENT THANK YOU/PAIEMENT MERCI,,1337.20
2008-05-09,STARBUCKS CAN 00046532   VICTORIA  BC,3.89,
2008-05-09,FRANKS HONEY BUN CAFE    VICTORIA  BC,6.49,
2008-05-12,DOMAIN/HOSTING SRVCS     480-6242500  AZ,7.39,
2008-05-12,PHO VY VIETNAMESE REST   VICTORIA  BC,21.95,
2008-05-12,SUBWAY DOWNTOWN          VICTORIA  BC,3.14,
2008-05-12,SHOPPERSDRUGMART0208     VICTORIA  BC,6.70,
2008-05-13,MAC'S # 11166            VICTORIA  BC,4.64,
2008-05-14,1550'S PUB STYLE RESTAURAVICTORIA  BC,42.75,
2008-05-14,STADACONA FOOD MARKET    VICTORIA  BC,4.99,
2008-05-14,CANADA SAFEWAY #080      VICTORIA  BC,101.18,
2008-05-14,FRANKS HONEY BUN CAFE    VICTORIA  BC,6.49,
2008-05-14,STARBUCKS CAN 00046532   VICTORIA  BC,3.89,
2008-05-15,FRANKS HONEY BUN CAFE    VICTORIA  BC,6.49,
2008-05-15,STARBUCKS CAN 00046532   VICTORIA  BC,4.03,
2008-05-15,CENTRE COURT RACQUETS    VICTORIA  BC,161.28,
2008-05-15,LONDON DRUGS 29          VICTORIA  BC,12.15,
2008-05-16,MCDONALD'S #8374  Q04    VICTORIA  BC,3.98,
2008-05-16,SUBWAY DOWNTOWN          VICTORIA  BC,6.92,
2008-05-16,PHO VY VIETNAMESE REST   VICTORIA  BC,22.00,
2008-05-20,STADACONA FOOD MARKET    VICTORIA  BC,5.18,
2008-05-20,SECOND SLICE PIZZA       VICTORIA  BC,4.90,
2008-05-20,SUBWAY DOWNTOWN          VICTORIA  BC,3.14,
2008-05-20,BLACKFISH CAFE           VICTORIA  BC,26.03,
2008-05-21,CAFE VIEUX MONTREAL      VICTORIA  BC,4.31,
2008-05-21,CANADA SAFEWAY #080      VICTORIA  BC,12.47,
2008-05-21,WA PARKS & REC MOTO      360-5866637  WA,26.47,
2008-05-21,STARBUCKS CAN 00047084   VICTORIA  BC,9.98,
2008-05-21,SALAD LOOP               VICTORIA  BC,7.29,
2008-05-22,STADACONA FOOD MARKET    VICTORIA  BC,5.77,
2008-05-22,CAFE VIEUX MONTREAL      VICTORIA  BC,4.31,
2008-05-22,BC LIQUOR #218           VICTORIA  BC,26.01,
2008-05-22,PIC A FLIC VIDEO         VICTORIA  BC,7.00,
2008-05-22,STARBUCKS CAN 00046532   VICTORIA  BC,3.78,
2008-05-22,CRYSTAL POOL             VICTORIA  BC,65.00,
2008-05-22,SALAD LOOP               VICTORIA  BC,6.88,
2008-05-23,CAFE VIEUX MONTREAL      VICTORIA  BC,4.55,
2008-05-26,SUBWAY                   VICTORIA  BC,10.58,
2008-05-26,THE BLUE CARROT CAFE     VICTORIA  BC,11.39,
2008-05-26,SUBWAY DOWNTOWN          VICTORIA  BC,3.14,
2008-05-26,TICKETMASTER TICKETS     LOS ANGELES  CA,132.47,
2008-05-27,CANADA SAFEWAY #080      VICTORIA  BC,47.93,
2008-05-27,STADACONA FOOD MARKET    VICTORIA  BC,22.26,
2008-05-27,BCF-SWARTZBAY080523      VICTORIA  BC,,13.00
2008-05-27,BCF-SWARTZBAY080523      VICTORIA  BC,13.00,
2008-05-27,BCF-SWARTZBAY080523      VICTORIA  BC,13.00,
2008-05-28,CAFE VIEUX MONTREAL      VICTORIA  BC,4.55,
2008-05-28,SUBWAY SANDWICHES        VANCOUVER  BC,6.71,
2008-05-28,SALAD LOOP               VICTORIA  BC,7.49,
2008-05-29,FRANKS HONEY BUN CAFE    VICTORIA  BC,5.10,
2008-05-30,SUBWAY                   VICTORIA  BC,5.02,
2008-05-30,STADACONA FOOD MARKET    VICTORIA  BC,10.44,
2008-05-30,CAFE VIEUX MONTREAL      VICTORIA  BC,4.31,
2008-05-30,HOTEL DOUGLAS            VICTORIA  BC,16.05,
2008-05-30,SUBWAY DOWNTOWN          VICTORIA  BC,6.92,
2008-05-30,BCF-TSAWWASSEN080526     VICTORIA  BC,13.00,
2008-06-02,SECOND SLICE PIZZA       VICTORIA  BC,3.70,
2008-06-02,STARBUCKS CAN 00046532   VICTORIA  BC,1.98,
2008-06-02,SECOND SLICE PIZZA       VICTORIA  BC,4.90,
2008-06-02,BCF-SPIRITBC080523       VICTORIA  BC,9.02,
2008-06-02,BCF-QSAANICH080526       VICTORIA  BC,9.43,
2008-06-02,TOBYS PUB & GRILL-(BEER  VANCOUVER  BC,12.90,
2008-06-02,STARBUCKS CAN 00001537   VANCOUVER  BC,3.89,
2008-06-02,RHIZOME CAFE             VANCOUVER  BC,25.21,
2008-06-03,TRANSLINK FARE PURCHASE  BURNABY  BC,2.50,
2008-06-03,BCF-QVANCOUVER080529     VICTORIA  BC,18.98,
2008-06-03,TOMOKAZU JAPANESE REST   VANCOUVER  BC,15.00,
2008-06-04,RED ROBIN - ROBSON       VANCOUVER  BC,16.00,
2008-06-04,TRANSLINK FARE PURCHASE  BURNABY  BC,2.50,
2008-06-04,SUBWAY DOWNTOWN          VICTORIA  BC,6.92,
2008-06-04,BCF-TSAWWASSEN080602     VICTORIA  BC,13.00,
2008-06-05,STARBUCKS CAN 00046532   VICTORIA  BC,4.03,
2008-06-05,BCF-SPIRITVI080602       VICTORIA  BC,9.02,
2008-06-05,SUBWAY DOWNTOWN          VICTORIA  BC,6.92,
2008-06-09,CAFE CREPE               VANCOUVER  BC,39.82,
2008-06-09,THE NOBLE GRILL          VANCOUVER  BC,6.98,
2008-06-09,STARBUCKS CAN 00001537   VANCOUVER  BC,5.72,
2008-06-09,BON'S OFF BROADWAY       VANCOUVER  BC,15.35,
2008-06-09,QUEEN ELIZABETH PITCH/PUTVANCOUVER  BC,39.67,
2008-06-10,UBC AQUATIC CENTRE       VANCOUVER  BC,7.50,
2008-06-10,SUBWAY DOWNTOWN          VICTORIA  BC,6.92,
2008-06-11,UBC AQUATIC CENTRE       VANCOUVER  BC,9.00,
2008-06-11,FRANKS HONEY BUN CAFE    VICTORIA  BC,5.10,
2008-06-11,SALAD LOOP               VICTORIA  BC,7.56,
2008-06-11,CINEPLEX  1129           VICTORIA  BC,9.50,
2008-06-12,CAFE VIEUX MONTREAL      VICTORIA  BC,4.31,
2008-06-12,PAYMENT THANK YOU/PAIEMENT MERCI,,1254.40
2008-06-13,STADACONA FOOD MARKET    VICTORIA  BC,18.01,
2008-06-13,CAFE VIEUX MONTREAL      VICTORIA  BC,7.86,
2008-06-13,STARBUCKS CAN 00046532   VICTORIA  BC,4.04,
2008-06-13,MCDONALD'S #8374  Q04    VICTORIA  BC,5.54,
2008-06-13,SUBWAY DOWNTOWN          VICTORIA  BC,6.92,
2008-06-16,MCDONALD'S #8374  Q04    VICTORIA  BC,3.98,
2008-06-16,DELTA AIR  0067513132939 HOUSTON  TX,784.55,
2008-06-16,DELTA AIR  0067513132941 HOUSTON  TX,784.55,
2008-06-16,SUBWAY DOWNTOWN          VICTORIA  BC,3.14,
2008-06-16,JUBILEE PHARMASAVE #131  VICTORIA  BC,8.15,
2008-06-16,MCDONALD'S #8374  Q04    VICTORIA  BC,3.98,
2008-06-16,TRAVEL RESERVATIONS SERVI866-284-5715 NJ,20.95,
2008-06-16,CAPITOL 6 CINEMAS #87    VICTORIA  BC,9.50,
2008-06-17,CANADA SAFEWAY #080      VICTORIA  BC,31.73,
2008-06-17,BLACKFISH CAFE           VICTORIA  BC,45.00,
2008-06-17,SUBWAY DOWNTOWN          VICTORIA  BC,6.92,
2008-06-18,STADACONA FOOD MARKET    VICTORIA  BC,32.34,
2008-06-18,STADACONA FOOD MARKET    VICTORIA  BC,22.28,
2008-06-18,ROYAL BC MUSEUM          VICTORIA  BC,42.00,
2008-06-18,STARBUCKS CAN 00046532   VICTORIA  BC,3.78,
2008-06-18,SUBWAY DOWNTOWN          VICTORIA  BC,6.92,
2008-06-19,THE BAY #1139            VICTORIA  BC,23.51,
2008-06-19,MCDONALD'S #8374  Q04    VICTORIA  BC,2.60,
2008-06-20,CAFE VIEUX MONTREAL      VICTORIA  BC,4.31,
2008-06-23,1550'S PUB STYLE RESTAURAVICTORIA  BC,35.30,
2008-06-23,STARBUCKS CAN 00001537   VANCOUVER  BC,4.03,
2008-06-23,TOBYS PUB & GRILL-(BEER  VANCOUVER  BC,14.70,
2008-06-23,STARBUCKS CAN 00001529   VANCOUVER  BC,8.35,
2008-06-23,TRANSLINK FARE PURCHASE  BURNABY  BC,2.50,
2008-06-25,BC LIQUOR #210           VANCOUVER  BC,21.69,
2008-06-25,STARBUCKS CAN 00046532   VICTORIA  BC,3.82,
2008-06-25,QUIZNO S                 VICTORIA  BC,7.34,
2008-06-25,SHELBOURNE TRAVEL & PREVEVICTORIA  BC,235.00,
2008-06-25,JOEYS BURRARD            VANCOUVER  BC,15.00,
2008-06-25,SUBWAY DOWNTOWN          VICTORIA  BC,6.92,
2008-06-26,CAFE VIEUX MONTREAL      VICTORIA  BC,4.31,
2008-06-27,WHITE SPOT #139          RICHMOND  BC,14.73,
2008-06-27,BEST WESTERN RICHMOND INNRICHMOND  BC,13.40,
2008-06-27,CANOE BREWPUB            VICTORIA  BC,22.90,
2008-06-30,TRANSLINK FARE PURCHASE  BURNABY  BC,2.50,
2008-06-30,CAFE CREPE               VANCOUVER  BC,33.55,
2008-06-30,FRITZ EUROPEAN FRY HOUSE VANCOUVER  BC,41.25,
2008-06-30,VERA'S BURGER SHACK KI   VANCOUVER  BC,8.91,
2008-07-02,BLACK TOP CAB            VANCOUVER  BC,28.00,
2008-07-02,IMPARK LOT#531           VANCOUVER  BC,5.00,
2008-07-02,MAC'S # 11112            VANCOUVER  BC,1.35,
2008-07-02,TRANSCONTINENTAL         VANCOUVER  BC,62.51,
2008-07-02,LITTLE MEXICO CANTINA    RICHMOND  BC,34.00,
2008-07-03,CHEVRON 39TH/DUNBAR      VANCOUVER  BC,4.97,
2008-07-03,SALATHAI THAI RESTAURANT VANCOUVER  BC,13.50,
2008-07-03,O'HARES LIQUOR STORE     RICHMOND  BC,43.45,
2008-07-04,HANANOKI JAPANESE RESTAURRICHMOND  BC,16.00,
2008-07-04,KAMEI ROYALE JAPANESE    VANCOUVER  BC,27.39,
2008-07-04,THE NOBLE GRILL          VANCOUVER  BC,6.98,
2008-07-07,STARBUCKS CAN 00001537   VANCOUVER  BC,3.26,
2008-07-07,STARBUCKS CAN 00001537   VANCOUVER  BC,2.21,
2008-07-07,TRIPLE O'S #201          VANCOUVER  BC,7.65,
2008-07-07,STEVESTON COMMUNITY CTR  RICHMOND  BC,15.85,
2008-07-07,SUPER GROCER & PHARMACY  RICHMOND  BC,19.64,
2008-07-09,HANANOKI JAPANESE RESTAURRICHMOND  BC,20.22,
2008-07-10,TRANSLINK FARE PURCHASE  BURNABY  BC,3.75,
2008-07-10,GUU JAPANESE RESTAURANT  VANCOUVER  BC,9.00,
2008-07-10,BLENZ COFFEE             VANCOUVER  BC,4.19,
2008-07-11,STARBUCKS CAN 00001537   VANCOUVER  BC,2.21,
2008-07-11,SUBWAY SANDWICHES        VANCOUVER  BC,4.08,
2008-07-11,PAYMENT THANK YOU/PAIEMENT MERCI,,2827.95
2008-07-11,SQUATTERS AIRPORT        SALT LAKE CITUT,33.17,
2008-07-14,INDIA GATE RESTAURANT    VANCOUVER  BC,15.00,
2008-07-28,HAIR MASTERS #5944       RICHMOND  BC,21.00,
2008-07-29,THE NOBLE GRILL          VANCOUVER  BC,5.93,
2008-07-30,TRANSLINK FARE PURCHASE  BURNABY  BC,3.75,
2008-07-30,STARBUCKS CAN 00001537   VANCOUVER  BC,4.25,
2008-07-30,BLENZ COFFEE             VANCOUVER  BC,2.09,
2008-07-30,KAMEI ROYALE JAPANESE    VANCOUVER  BC,50.00,
2008-07-31,TRANSLINK FARE PURCHASE  BURNABY  BC,2.50,
2008-08-01,SUBWAY #11004            VANCOUVER  BC,7.02,
2008-08-01,CURRY EXPRESS            BURNABY  BC,15.73,
2008-08-05,STARBUCKS CAN 00001537   VANCOUVER  BC,1.73,
2008-08-05,7-ELEVEN #33423 MKT 28   VANCOUVER  BC,20.31,
2008-08-05,SUBWAY SANDWICHES        VANCOUVER  BC,6.71,
2008-08-05,FAMOUS PLAYERS  1408     BURNABY  BC,23.90,
2008-08-05,THE NOBLE GRILL          VANCOUVER  BC,6.98,
2008-08-05,MCDONALD'S #22606  Q04   RICHMOND  BC,3.86,
2008-08-05,SAVE ON FOODS IRON WOO   RICHMOND  BC,8.39,
2008-08-05,HOPE MOTOR HOTEL         HOPE  BC,12.70,
2008-08-05,HOPE MOTOR HOTEL         HOPE  BC,12.70,
2008-08-05,LORDCO PARTS #7          HOPE  BC,11.74,
2008-08-05,LORDCO PARTS #7          HOPE  BC,,11.74
2008-08-07,DAIRY QUEEN #26998 HOPE  HOPE  BC,16.56,
2008-08-07,CHEVRON NO 3 RD/BLUNDELL RICHMOND  BC,59.78,
2008-08-07,SUBWAY SANDWICHES        VANCOUVER  BC,6.71,
2008-08-07,STARBUCKS CAN 00001537   VANCOUVER  BC,2.21,
2008-08-08,STARBUCKS CAN 00001537   VANCOUVER  BC,5.57,
2008-08-08,THAI HOUSE RESTAURANT (ROVANCOUVER  BC,10.00,
2008-08-11,MALONES SPORTS GRILL     VANCOUVER  BC,42.50,
2008-08-11,CHOICES MARKET           VANCOUVER  BC,8.34,
2008-08-11,SUBWAY #37035            VANCOUVER  BC,3.14,
2008-08-11,7-ELEVEN #33384 D2821    VANCOUVER  BC,19.00,
2008-08-11,BLENZ COFFEE             VANCOUVER  BC,2.09,
2008-08-11,BCPLACE STD-CENTERPLATE  VANCOUVER  BC,7.50,
2008-08-12,VINCI PARK VANCOUVER PARKVANCOUVER  BC,4.00,
2008-08-13,UBC AQUATIC CENTRE       VANCOUVER  BC,9.50,
2008-08-13,BON'S OFF BROADWAY       VANCOUVER  BC,24.80,
2008-08-13,CHEVRON CAPILANO & WOODS N VANCOUVER  BC,2.00,
2008-08-13,SUBWAY SANDWICHES        VANCOUVER  BC,6.71,
2008-08-13,STARBUCKS CAN 00001537   VANCOUVER  BC,4.46,
2008-08-14,SUBWAY SANDWICHES        VANCOUVER  BC,6.71,
2008-08-14,SHABUSEN JAPANESE YAKI   VANCOUVER  BC,14.00,
2008-08-14,SPORT CHEK #272          RICHMOND  BC,95.19,
2008-08-15,THE NOBLE GRILL          VANCOUVER  BC,6.04,
2008-08-18,7-ELEVEN #33384 D2821    VANCOUVER  BC,19.00,
2008-08-18,7-ELEVEN #33423 MKT 28   VANCOUVER  BC,112.00,
2008-08-18,KING'S HEAD INN          VANCOUVER  BC,66.37,
2008-08-18,BOY'S CO # 206           RICHMOND  BC,179.20,
2008-08-18,SPORT CHEK #272          RICHMOND  BC,6.14,
2008-08-18,SECOND CUP # 9081        RICHMOND  BC,6.36,
2008-08-18,BLENZ COFFEE             VANCOUVER  BC,18.00,
2008-08-19,BCF-TSAWWASSEN080817     VICTORIA  BC,75.65,
2008-08-19,MOUNTAIN EQUIPMENT CO-OP VICTORIA  BC,24.64,
2008-08-20,TSUI HANG VILLAGE RESTAURVANCOUVER  BC,48.25,
2008-08-20,FRANKS HONEY BUN CAFE    VICTORIA  BC,10.48,
2008-08-20,UNIVERSITY OF VICTORIA   VICTORIA  AB,428.00,
2008-08-20,STARBUCKS CAN 00046532   VICTORIA  BC,3.78,
2008-08-20,PHO VY VIETNAMESE REST   VICTORIA  BC,21.10,
2008-08-21,SUBWAY DOWNTOWN          VICTORIA  BC,6.92,
2008-08-21,STARBUCKS CAN 00046532   VICTORIA  BC,2.05,
2008-08-21,PAYMENT THANK YOU/PAIEMENT MERCI,,386.43
2008-08-22,FRANKS HONEY BUN CAFE    VICTORIA  BC,5.24,
2008-08-22,SAVE ON FOODS #0977      VICTORIA  BC,92.57,
2008-08-22,STARBUCKS CAN 00046532   VICTORIA  BC,3.78,
2008-08-22,RED ROBIN - VICTORIA     VICTORIA  BC,24.95,
2008-08-22,SUBWAY DOWNTOWN          VICTORIA  BC,6.92,
2008-08-22,CAPITOL 6 CINEMAS #87    VICTORIA  BC,19.00,
2008-08-22,CAPITOL 6 CINEMAS #87    VICTORIA  BC,5.76,
2008-08-25,HAULTAIN FISH & CHIP     VICTORIA  BC,32.00,
2008-08-26,RECREATION OAK BAY       VICTORIA  BC,9.70,
2008-08-26,SUBWAY DOWNTOWN          VICTORIA  BC,3.14,
2008-08-27,CANADA SAFEWAY #080      VICTORIA  BC,52.03,
2008-08-27,STARBUCKS CAN 00046532   VICTORIA  BC,3.78,
2008-08-28,SUBWAY DOWNTOWN          VICTORIA  BC,4.40,
2008-08-28,PHO VY VIETNAMESE REST   VICTORIA  BC,21.95,
2008-08-29,SUBWAY DOWNTOWN          VICTORIA  BC,4.40,
2008-09-02,SUBWAY DOWNTOWN          VICTORIA  BC,3.14,
2008-09-02,CINEPLEX  1129           VICTORIA  BC,19.00,
2008-09-02,MCDONALD'S #8374  Q04    VICTORIA  BC,2.51,
2008-09-02,SAVE ON FOODS #0977      VICTORIA  BC,66.40,
2008-09-02,SHOPPERSDRUGMART0233     VICTORIA  BC,3.96,
2008-09-02,LITTLE THAI PLACE INC.   VICTORIA  BC,24.45,
2008-09-03,MAC'S # 11166            VICTORIA  BC,4.25,
2008-09-04,1550'S PUB STYLE RESTAURAVICTORIA  BC,32.32,
2008-09-04,5TH STREET BAR&WOOD-FI   VICTORIA  BC,54.10,
2008-09-04,MCDONALD'S #8374  Q04    VICTORIA  BC,3.98,
2008-09-04,SUBWAY DOWNTOWN          VICTORIA  BC,4.50,
2008-09-04,FAIRWAY MARKET #4        VICTORIA  BC,18.59,
2008-09-04,UVIC BOOKSTORE           VICTORIA  BC,158.50,
2008-09-08,BLOCKBUSTER VIDEO #07275 VICTOIRA  BC,8.08,
2008-09-08,PAGLIACCI'S RESTAURANT   VICTORIA  BC,33.85,
2008-09-08,STARBUCKS CAN 00042341   VICTORIA  BC,2.63,
2008-09-09,STRATHCONA HOTEL         VICTORIA  BC,30.00,
2008-09-09,SUBWAY DOWNTOWN          VICTORIA  BC,3.14,
2008-09-10,CANADA SAFEWAY #080      VICTORIA  BC,50.41,
2008-09-10,STARBUCKS CAN 00046532   VICTORIA  BC,2.63,
2008-09-10,SAKURA JAPANESE PRDQFF   VICTORIA  BC,17.70,
2008-09-11,MOUNTAIN EQUIPMENT CO-OP VICTORIA  BC,15.23,
2008-09-12,PHO VY VIETNAMESE REST   VICTORIA  BC,23.00,
2008-09-12,MOUNTAIN EQUIPMENT CO-OP VICTORIA  BC,4.20,
2008-09-12,WELLBURNS FOOD MARKET    VICTORIA  BC,31.23,
2008-09-12,SUBWAY DOWNTOWN          VICTORIA  BC,7.13,
2008-09-15,STARBUCKS CAN 00046532   VICTORIA  BC,2.63,
2008-09-15,SPORT CHEK #290          VICTORIA  BC,22.39,
2008-09-15,SUBWAY DOWNTOWN          VICTORIA  BC,4.81,
2008-09-15,STARBUCKS CAN 00046532   VICTORIA  BC,4.67,
2008-09-15,ORB AP110101MISI79MG     ORBITZ.COM  IL,20.04,
2008-09-15,USAIRWAYS  0377548741482 MANKATO  MN,653.31,
2008-09-15,USAIRWAYS  0377548741484 MANKATO  MN,653.31,
2008-09-15,USAIRWAYS  0377548741486 MANKATO  MN,653.31,
2008-09-16,SHELL 1321 YATES STREET  VICTORIA  BC,64.04,
2008-09-16,THRIFTY FOODS #1         VICTORIA  BC,71.17,
2008-09-16,SUBWAY DOWNTOWN          VICTORIA  BC,3.14,
2008-09-16,STRATHCONA HOTEL         VICTORIA  BC,38.15,
